<?xml version="1.0" encoding="UTF-8"?>
<config xmlns="http://www.knime.org/2008/09/XMLConfig" xmlns:xsi="http://www.w3.org/2001/XMLSchema-instance" xsi:schemaLocation="http://www.knime.org/2008/09/XMLConfig http://www.knime.org/XMLConfig_2008_09.xsd" key="model.xml">
<entry key="version" type="xint" value="1"/>
<entry key="class_name" type="xstring" value="org.knime.base.data.normalize.NormalizerPortObject"/>
<config key="model">
<config key="columns">
<config key="Col0">
<entry key="column_name" type="xstring" value="Col0"/>
<entry key="column_scale" type="xdouble" value="0.17184130188416127"/>
<entry key="column_translate" type="xdouble" value="-0.04720422963630738"/>
<entry key="column_min" type="xdouble" value="0.0"/>
<entry key="column_max" type="xdouble" value="1.0"/>
</config>
<config key="Col1">
<entry key="column_name" type="xstring" value="Col1"/>
<entry key="column_scale" type="xdouble" value="0.20596328020432197"/>
<entry key="column_translate" type="xdouble" value="0.5001114448700962"/>
<entry key="column_min" type="xdouble" value="0.0"/>
<entry key="column_max" type="xdouble" value="1.0"/>
</config>
<config key="Col2">
<entry key="column_name" type="xstring" value="Col2"/>
<entry key="column_scale" type="xdouble" value="0.28688278076377655"/>
<entry key="column_translate" type="xdouble" value="0.4998956243697535"/>
<entry key="column_min" type="xdouble" value="0.0"/>
<entry key="column_max" type="xdouble" value="1.0"/>
</config>
<config key="Col3">
<entry key="column_name" type="xstring" value="Col3"/>
<entry key="column_scale" type="xdouble" value="0.13881356531684474"/>
<entry key="column_translate" type="xdouble" value="-0.0017033216718721103"/>
<entry key="column_min" type="xdouble" value="0.0"/>
<entry key="column_max" type="xdouble" value="1.0"/>
</config>
<config key="Col4">
<entry key="column_name" type="xstring" value="Col4"/>
<entry key="column_scale" type="xdouble" value="0.2867743989190606"/>
<entry key="column_translate" type="xdouble" value="0.5000992253652647"/>
<entry key="column_min" type="xdouble" value="0.0"/>
<entry key="column_max" type="xdouble" value="1.0"/>
</config>
<config key="Col5">
<entry key="column_name" type="xstring" value="Col5"/>
<entry key="column_scale" type="xdouble" value="0.19691127971473713"/>
<entry key="column_translate" type="xdouble" value="-0.031098363039227493"/>
<entry key="column_min" type="xdouble" value="0.0"/>
<entry key="column_max" type="xdouble" value="1.0"/>
</config>
<config key="Col6">
<entry key="column_name" type="xstring" value="Col6"/>
<entry key="column_scale" type="xdouble" value="0.16856392498331765"/>
<entry key="column_translate" type="xdouble" value="0.4999208281201799"/>
<entry key="column_min" type="xdouble" value="0.0"/>
<entry key="column_max" type="xdouble" value="1.0"/>
</config>
<config key="Col7">
<entry key="column_name" type="xstring" value="Col7"/>
<entry key="column_scale" type="xdouble" value="0.2871342739094609"/>
<entry key="column_translate" type="xdouble" value="0.4999689371164354"/>
<entry key="column_min" type="xdouble" value="0.0"/>
<entry key="column_max" type="xdouble" value="1.0"/>
</config>
<config key="Col8">
<entry key="column_name" type="xstring" value="Col8"/>
<entry key="column_scale" type="xdouble" value="0.4601771542662264"/>
<entry key="column_translate" type="xdouble" value="0.0"/>
<entry key="column_min" type="xdouble" value="0.0"/>
<entry key="column_max" type="xdouble" value="1.0"/>
</config>
<config key="Col9">
<entry key="column_name" type="xstring" value="Col9"/>
<entry key="column_scale" type="xdouble" value="0.18227403734402214"/>
<entry key="column_translate" type="xdouble" value="-0.034698795678128204"/>
<entry key="column_min" type="xdouble" value="0.0"/>
<entry key="column_max" type="xdouble" value="1.0"/>
</config>
<config key="Col10">
<entry key="column_name" type="xstring" value="Col10"/>
<entry key="column_scale" type="xdouble" value="0.17192217564409884"/>
<entry key="column_translate" type="xdouble" value="0.5004906641014928"/>
<entry key="column_min" type="xdouble" value="0.0"/>
<entry key="column_max" type="xdouble" value="1.0"/>
</config>
<config key="Col11">
<entry key="column_name" type="xstring" value="Col11"/>
<entry key="column_scale" type="xdouble" value="0.28689905835322094"/>
<entry key="column_translate" type="xdouble" value="0.49988479382061207"/>
<entry key="column_min" type="xdouble" value="0.0"/>
<entry key="column_max" type="xdouble" value="1.0"/>
</config>
<config key="Col12">
<entry key="column_name" type="xstring" value="Col12"/>
<entry key="column_scale" type="xdouble" value="0.4514933346049725"/>
<entry key="column_translate" type="xdouble" value="0.0"/>
<entry key="column_min" type="xdouble" value="0.0"/>
<entry key="column_max" type="xdouble" value="1.0"/>
</config>
<config key="Col13">
<entry key="column_name" type="xstring" value="Col13"/>
<entry key="column_scale" type="xdouble" value="0.1520161545506608"/>
<entry key="column_translate" type="xdouble" value="-0.04009931473418743"/>
<entry key="column_min" type="xdouble" value="0.0"/>
<entry key="column_max" type="xdouble" value="1.0"/>
</config>
<config key="Col14">
<entry key="column_name" type="xstring" value="Col14"/>
<entry key="column_scale" type="xdouble" value="0.18358972168169652"/>
<entry key="column_translate" type="xdouble" value="0.4992997921043057"/>
<entry key="column_min" type="xdouble" value="0.0"/>
<entry key="column_max" type="xdouble" value="1.0"/>
</config>
<config key="Col15">
<entry key="column_name" type="xstring" value="Col15"/>
<entry key="column_scale" type="xdouble" value="0.2869479414687783"/>
<entry key="column_translate" type="xdouble" value="0.4998830467448376"/>
<entry key="column_min" type="xdouble" value="0.0"/>
<entry key="column_max" type="xdouble" value="1.0"/>
</config>
<config key="Col16">
<entry key="column_name" type="xstring" value="Col16"/>
<entry key="column_scale" type="xdouble" value="0.39243010965165886"/>
<entry key="column_translate" type="xdouble" value="0.0"/>
<entry key="column_min" type="xdouble" value="0.0"/>
<entry key="column_max" type="xdouble" value="1.0"/>
</config>
<config key="Col17">
<entry key="column_name" type="xstring" value="Col17"/>
<entry key="column_scale" type="xdouble" value="0.145670407073998"/>
<entry key="column_translate" type="xdouble" value="-0.05322128783441535"/>
<entry key="column_min" type="xdouble" value="0.0"/>
<entry key="column_max" type="xdouble" value="1.0"/>
</config>
<config key="Col18">
<entry key="column_name" type="xstring" value="Col18"/>
<entry key="column_scale" type="xdouble" value="0.2001892257223842"/>
<entry key="column_translate" type="xdouble" value="0.49992551915961747"/>
<entry key="column_min" type="xdouble" value="0.0"/>
<entry key="column_max" type="xdouble" value="1.0"/>
</config>
<config key="Col19">
<entry key="column_name" type="xstring" value="Col19"/>
<entry key="column_scale" type="xdouble" value="0.28685653838974007"/>
<entry key="column_translate" type="xdouble" value="0.4999022508364931"/>
<entry key="column_min" type="xdouble" value="0.0"/>
<entry key="column_max" type="xdouble" value="1.0"/>
</config>
<config key="Col20">
<entry key="column_name" type="xstring" value="Col20"/>
<entry key="column_scale" type="xdouble" value="0.32237667699237443"/>
<entry key="column_translate" type="xdouble" value="0.0"/>
<entry key="column_min" type="xdouble" value="0.0"/>
<entry key="column_max" type="xdouble" value="1.0"/>
</config>
<config key="Col21">
<entry key="column_name" type="xstring" value="Col21"/>
<entry key="column_scale" type="xdouble" value="0.044895211850124184"/>
<entry key="column_translate" type="xdouble" value="-0.005005188048652831"/>
<entry key="column_min" type="xdouble" value="0.0"/>
<entry key="column_max" type="xdouble" value="1.0"/>
</config>
<config key="Col22">
<entry key="column_name" type="xstring" value="Col22"/>
<entry key="column_scale" type="xdouble" value="0.08693473240712547"/>
<entry key="column_translate" type="xdouble" value="-0.030628374727160745"/>
<entry key="column_min" type="xdouble" value="0.0"/>
<entry key="column_max" type="xdouble" value="1.0"/>
</config>
<config key="Col23">
<entry key="column_name" type="xstring" value="Col23"/>
<entry key="column_scale" type="xdouble" value="0.29214109562853663"/>
<entry key="column_translate" type="xdouble" value="-0.10605545564817812"/>
<entry key="column_min" type="xdouble" value="0.0"/>
<entry key="column_max" type="xdouble" value="1.0"/>
</config>
<config key="Col24">
<entry key="column_name" type="xstring" value="Col24"/>
<entry key="column_scale" type="xdouble" value="0.15566644088658324"/>
<entry key="column_translate" type="xdouble" value="-0.056087440491372605"/>
<entry key="column_min" type="xdouble" value="0.0"/>
<entry key="column_max" type="xdouble" value="1.0"/>
</config>
<config key="Col25">
<entry key="column_name" type="xstring" value="Col25"/>
<entry key="column_scale" type="xdouble" value="0.1157417663624267"/>
<entry key="column_translate" type="xdouble" value="-0.009658095569847761"/>
<entry key="column_min" type="xdouble" value="0.0"/>
<entry key="column_max" type="xdouble" value="1.0"/>
</config>
<config key="Col26">
<entry key="column_name" type="xstring" value="Col26"/>
<entry key="column_scale" type="xdouble" value="0.1360902376733851"/>
<entry key="column_translate" type="xdouble" value="-0.050167093290725315"/>
<entry key="column_min" type="xdouble" value="0.0"/>
<entry key="column_max" type="xdouble" value="1.0"/>
</config>
<config key="Col27">
<entry key="column_name" type="xstring" value="Col27"/>
<entry key="column_scale" type="xdouble" value="0.20442472765556496"/>
<entry key="column_translate" type="xdouble" value="-0.07915829247759891"/>
<entry key="column_min" type="xdouble" value="0.0"/>
<entry key="column_max" type="xdouble" value="1.0"/>
</config>
</config>
<entry key="summary" type="xstring" value="Min/Max (0.0, 1) normalization on 28 column(s)"/>
</config>
</config>
